#,id,labels,tier,s1_detects,text
1,Question 56,active_suicide_ideation/passive_suicide_ideation,crisis,MISS,"Title: I'm still alive Text: I didn't do it in the end, I didn't have the courage. Nothing has improved from my last post till now though"
2,Question 109,active_suicide_ideation,crisis,MISS,Title: Well... maybe by this time in 2023 I'll do it Text: I already have the plans and the ways... Just hope i wont fail (well actually i hope life gets better by that time but if won't then well... You know well what'll happen)
3,Question 112,active_suicide_ideation,crisis,MISS,Title: procrastinating from kms Text: my urge to kms is at an all time high. I feel like I'm only getting through by putting it off day by day or sometimes hour by hour. I'm not sure how much longer I can do this. feeling very alone and hopeless. I'm blacklisted by my local crisis team so I can't call them :(
4,Question 117,active_suicide_ideation,crisis,MISS,Title: I’m ready to rest Text: I’m 19 Every day I wake up and my brain just doesn’t work anymore I’m sorry that I couldn’t crack uni out I want to go home but I am home I’m sick of splitting I’m tired I’m ready to go I really cannot do every day anymore I don’t get hungry My body is in pain all the time I tried to hang myself today I left a note It didn’t work I’m a failure I’m thinking to smoke all of my bud I live in the city with lots of crossings all on one big road I’m dumb but I don’t know what it’s called I think I’m going to just get really high And walk into traffic And if that doesn’t work I’m afraid of what lengths I’ll go I’m sorry And if you ever have the displeasure of having to read this I love you my Karma You couldn’t have loved me better I’m sorrry that I failed you If you ever miss me Look at the moon like we did And I’ll make it shine Yours and only yours L <3
5,Question 60,passive_suicide_ideation,crisis,MISS,"Title: i would actually be happy if i could just live my life and never have to see another human being again. Text: I just want to do remote work and order everything to be left outside my door. But i am far too stupid to be able to get a remote job, much less one that pays me enough to live without roommates. Guess if I cant live without ever seeing another person, the next best thing is to die."
6,Question 92,rape/sexual_harassment/passive_suicide_ideation,crisis,MISS,"Title: I know it’s not my fault but why does this happen to me so many times like a handful of times over the years multiple people have raped/SA me catcall me harass me irl and online Text: Like I’m doing all right at the moment I guess it definitely fucked me up and I’m having trouble functioning in life but I’m not suicidal anymore I’m definitely unstable and away, it happened three times this year. And multiple times the previous years, some from acquaintances some from strangers some from people I can’t even remember who or their faces were because I was drugged I don’t know I’m just tired of people doing this to me I don’t even ask for it I don’t even have a libido at all anymore and since I have only fans now as my source of income a lot of people think I’m easy or down but I’m not at all whatsoever . Anyone know y this keeps happening? This happens to people once or twice but 10+ times is a lot like why me"
7,Question 111,passive_suicide_ideation,crisis,MISS,"Title: I don’t know if I’m strong enough to deal with the consequences of my own actions Text: I’ve been trying, I swear. I quit a lot of bad habits to try and find peace, I’m even gonna start going to a therapist, if I get there, and still it’s worthless, I don’t know how much I got left. It just feels there’s no other way out of this shithole I put myself into, it’s 200% all my fault…"
8,Question 34,self_harm,crisis,MISS,"Title: how do I put concealer on my arm without my (day old) cuts bleeding? Text: also, if thats impossible, please leave otherr ways to hide them!"
9,Question 35,self_harm,crisis,MISS,Title: sh out of anger? Text: is it weird to sh out of anger? I’ll like punch myself and most the time cut out of anger and i was just wondering if it’s weird because it just doesn’t feel valid
10,Question 36,self_harm,crisis,MISS,Title: Burning a shape into myself Text: A while ago I did a lot of burning and at one point I heated a metal necklace and pressed it on my wrist and now the shape is still there. For me burns are more likely to scar. I didn't know what o was thinking but it was just a thing I did at the time and regretted it the next day. I'm just embarrassed by it. Does anyone know how I can get rid of it? I was thinking of burning it more to get the shape away and instead have a burn scar. Or maybe cut there. Idk it's just that I don't like looking at it because it's embarrassing. I mean it's a fucking pentacle. Like honestly what was I doing? I still like burning but I just don't burn shapes.
11,Question 17,child_abuse_endangerment,clinical,n/a,"Title: I know Im going through something, I just dont know how to deal without therapy Text: So I feel like this might be a place to kinda vent and use this as pseudo therapy. I've been googling and a few things have been clicking. Im just going to tell my story in full and hope to receive some advice. There my be some trigger warnings. I will try my best to make those part of the story easy to digest. If you read the whole thing, Thank you. Im really hoping by just getting some of this off my chest will help. Also this will be a long read and I am not the best speller, so please forgive any errors. For starters, I was raised by my grandma. Both my parents were drug addicts. My dad was in and out but mostly out. When I was 6 or7 I saw my grandma die right in front of me. We were home alone and she had a heart attack. I was the only other person home. She had fallen to floor before the EMTS could get there. After she died, a my uncle got me and started to raise me. He got married and we up and moved with his new wife and her kids. I remember when I first got there and everyone was under one roof. One of my siblings was scaring me and I hated(well still hate)being scared. I told them that and they kept doing it. So she was chasing me through the house and I was really scared. So when I got to the kitchen I pulled a knife out to protect myself. I honestly felt that scared. Also this was maybe 3 months into living together. My grandma had died and we have left my childhood house and I had a new family all in like under a year. Growing up with a new family was kinda hard for me. This is where I think a lot of my issued steam from. My uncle was not a very nice person. He wasn't pyshically abusive but he was emotionally. He was wanted me to be ""hard"" to be tough. I wasen't that kinda kid. I perfered hanging with the girls. Playing video games. He would get in my face and grab us by the collar and tell my brother and I to ""Man up!"" However the girls he would treat as sweet as pie. He was very distant and would just make me feel stupid all the time. But how was I to know that wasen't ok? Being black, that is what we kind of expect. But I think he could tell I was gay from a young age and wanted to toughen me up or maybe out of it. While living there one of my sisters.... ok. wait.. This next part is going to be very hard for me. I have never had to chance to tell my full side of the story. its alittle scary even talking about this because I still feel some guilt over it and the after effects its had on my life still weight on my every day life. \-----While living there, one of my sisters was abused my someone in her family. She started to make me do things to her. She would come into my bed.... mind you we are children. I think at this time I was maybe 8 when it all started. I know how this may sound and I am not sure if im remembering this part correctly. But in one of the times of the abuse she said to me ""if you want to be apart of this family, you have to do this"" This went on for years.(We will come back to this) I need a little break. After a couple of years we grew closer as family. I really felt like I had a mom. A few siblings that I liked. The abuser and her bother didnt really like me to much growing up. But the older two, we were extremely close. But we were getting along for the most part. However my uncle and his wife weren't doing so well and sadly they divorced. Even though my uncle was an ass, he was the only blood family I had left. And when he left the house. He left me there. So a few year it was me, his wife and her two kids. At this point we were all in middle school and high school. I started having trouble in school and that meant trouble at home. My two sibling were both extremely smart. But me? Not so much. I love the social part of school. I was the funny one in class. But my mom(uncle wife) didnt take kindly to poor grades. So I was always on punishment. Its weird, when I write about it.. alot of stuff is blocked out. I just remember a few things. 1. I was ALWAYS cleaning 2. I could never go anywhere 3. My mom would try and help but get mad at me for not understanding something. When we started high school my abuser was in therapy and she told her therapist that I was one abusing her. Like I said earlier the abuse went on for years. Sometime I would start it or she would. It was our normal sadly. However, after telling her therapist, my mom kicked me without. She called my uncle to come and get me and I was out. All she said was to my uncle was ""he knows what he did"" My mom use to tell me all the time ""I love you unconditionally"" but we couldn't talk before you kicked me out? Now as an adult looking back.. I was still a child. During this time I never got to tell my side of the story because my abuser knew how to lie. She would lie and steal and set me up for stuff all the time. I remember one year for Christmas my brother has saved up like 300 dollars and someone stole it. My abuser came back from the mall with a whole bunch of shit. But because everyone has assessed me of stealing before no one looked at her. Everyone blamed me. This is something that happened alot. Both of them would set me up to get me grounded so I could see my dad(He was getting off drugs) I know this sounds oh woah is me. But this is 1000% the truth. Because I was called a liar so much I try and be a honest as I possible can. Lets fast forward a little. Years have pasted. Over the years a few things happen. My uncle gets arrested. Turns out he was on the run for years, my dad get clean and comes back into the picture, I move into with a family friend to finish high school with my friends. I finish high school and the woman who took me in and passed away in the house while all of us (her son and his dad) were there. She leaves me an inheritance. With her leaving me an inheritance I use the money to do things I had never done before. I was 20 with a large amount of money. I blew through that in a little over a year. When I was running out of money her son asked me to start paying rent and I didnt know how to tell him I had spent just about all the money. So I just moved out. I didnt say anything, during the time i felt like why would you charge me rent? Im like a brother right? (me with my 20 year old thinking) This is something I still feel about. He just lost his mom, his best friend ran off with money she left him and he is just alone. &#x200B; Now im in my 30's. I feel like a failure. I feel like I've ruined so many lives. I feel like a shell right now. I feel like how my life is now is a result of the pain I've caused. Im starting to realize alot of my issues steam from my childhood. However its hard to blame my uncle for his harshness because that is how he was raised. He was doing what he thought was right. I can blame my abuser, she was doing what hurt people do. Also she was a child. I cant be mad at mom because she was doing what she though was right for her child. I wasn't her blood. But its been really hard. Its taken me a long time to kind of get to that way of thinking. But its getting harder and harder to give the grace to myself. Im stuck between feeling bad for the abuse. Just knowing I caused someone pain in a way like that really hurts me. Even though I feel like my family was torn away from me. I can understand. She was hurt. But at the same time who was looking out for me? Who was making sure I was ok? I've had to just deal with thing on my own forever it seems like and Im starting to feel the pressure. I am sad all the time. I have little bursts of joy, but they never last long. I have no idea what im doing with my life. I might me in an emotionally abusive relationship, I am always broke. The only thing that really bring me joy is smoking weed. I feel like its the one that make me get out of bed. It helps me function in public. I always feel like people are staring at me, i feel like because I am non binary, people stare and talk shit. Im always scared that someone will say something to me and Ill have to try and defend myself and lose. So if i walk around high with my headphones in, im focused on what I need to do. As Ive gotten older I've felt myself retreating into myself. Even around my life long friends, I feel like im always bringing down the mood or that im giving off the vibe that I dont want to be around them. Even though, sadly a part of that is true. I want to be around the people I love. But I dont want to be a fucking downer. For the past couple of years I really stopped doing stuff, I keep to myself most of the time and just go out when I need or really need too. &#x200B; I've been doing some googling recently and Ive found out a few things that kinda explain why I am the way I am. I learned yesterday about attachment types and it seems like I would have an anxious attachment type, which basically(in the most simplified version) Im scared of being abandoned, that I crave approval and can be seen as clingy. It stems from childhood trauma. However I am not sure if what I went through as counts a trauma. Isnt trauma more you know... traumatic? I know I've used aggressive adjectives but I dont know what else to call it because was she really the abuser or was I? Dealing with that question has convinced me that I never want kids. Because what if I was the aggressor? I know I was a child but Im scared that I might do something to that child. Because hurt people hurt people. Now I have to say this I have NEVER had a fucked up thought about a child, ever. To be frank, I hate kids. I think it takes a special person to want to put someone else before them for the rest of their life. Its admirable but not my calling. I also do want to fuck up a child emotionally. If my parents did what their parents did, it makes my extremely nervous taking on that responsibility to break that cycle. I have also learned that I might be dealing with something called High functioning depression or PDD? I know I feel like I have to tell myself to keep going. But its been harder and harder to say that and believe it. Im starting to understand why some people use hard drug. They need an escape from their shit. Some times I just say in bed all the time. I constantly deal with poverty, I live paycheck to paycheck. Inbetween paychecks im living on tips I get from work, if dont do doordash for a couple hours I have to pick between gas or food for my partner and I. But I think to myself alot, am I just being alitle bitch? There are people dealing way worse stuff than me. Am I just being lazy, Am I just trying to find someone else to blame for my fuck ups? I've been dealing with this baggage for so long I know I how to manage it. But I honestly im feel myself starting to come undone. How do I stop this? I literally cant afford to fall apart. How do I keep pushing through. I honestly feel like if I dont get into therapy soon Im not going to be able to keep going. I want help to navigate my feeling. I want help to get closure and start feeling like my oldself again. Im tired of not taking chances because im scared to fail. I want to be open and healed enough to receive real love. I want to stop being a people pleaser. I want help changing my mindset, I want to be able to but myself first and care for me. This is just the first step I think."
12,Question 142,child_abuse_endangerment,clinical,n/a,"Title: Why didn’t anybody notice? Text: At this point it’s hard for me to even be properly angry, just disappointed. Why didn’t anyone notice? it was so obvious. what elementary schooler knows so much explicit detail about sex? they didn’t even ask me how I knew they just ignored it or yelled at me. And why was everyone so irresponsible with a child? no one even batted an eye when leaving me alone with strangers and whatever almost all the time despite me showing SO MANY Signs that something was wrong before I even knew it. I was always paranoid and scared that something was going to come after me or watch me, I was always sexualizing myself and worried about not being attractive and I was obsessed with being mature, how does that not raise any flags for a 2nd-5th grader? I only got called into my school guidance office ONCE and they just said “if anyone does something bad to you make sure to report it” how was I supposed to even know what to look out for and what to report? No one saw the problem with letting a young (already traumatized) child stay with a sketchy ass men over half of the time even though some of it was such obvious grooming and it went completely under everyone’s radar? They took me to a therapist once (for unrelated reasons) and they didn’t question it when I broke drown crying and refused to be in the room alone with a stranger. And instead of even trying to talk to me they just tried to force me in and bullshit me, which honestly just made me push away further. I just feel like it was so obvious."
13,Question 23,rape,clinical,n/a,"Title: 11 years and it randomly still flashes back. Text: One of the times I was raped was about 11 years ago. It bothered me a lot of first then I didn't think much about it for several years. The past 2 years, it's really on my mind often. Is this normal? Or common?"
14,Question 25,rape,clinical,n/a,"Title: Rape case and private investigator Text: If my rapist hired a private investigator to stalk and taunt me, how do I get rid of them?"
15,Question 2,domestic_violence,clinical,n/a,"Title: Ignored by Social Justice Warrior “Friends” Text: I was assaulted and strangled by my husband on March 31st. This was the first time he’d ever hit me, although he was probably emotionally and verbally abusive. A difference I see between my situation and many others is he immediately wanted to get divorced and for me and my daughter to move away, which now makes sense because he wanted to control the narrative and how many people found out about it. He told me he didn’t love me and didn’t want me, so on top of the assault I felt complete rejection. I’m glad on some level, because I didn’t have the option to stay and put up with more abuse, but it still hurts and makes me feel alone as a survivor. We lived in a town of 1000 people, I was a hairstylist for many of the people there and very active in the community. We were both from a different city where we knew even more mutual people. We have about 130 mutual friends on Facebook and many more in the small town. After I was able to get what I needed from him in our separation agreement and move to my mother’s, I posted a carefully written statement about my experience on social media. I also personally told many people in our community of friends, and my many clients who wanted to know where I was and when they could get a haircut. I had a huge response, people writing support and telling their own stories. It was really incredible. But the dust has settled and there are many people who never said a word, or acknowledged what happened. They continue to support him, or they say nothing at all. Our group of friends is one I would have considered violence-intolerant. They post about me too and believing women, they are liberal and outspoken. But when I went public a lot of them stayed silent. Now they’re posting about police brutality, specifically George Floyd. I watched the video of what happened to him and was triggered into a panic attack, remembering what it was like to not be able to breathe. I’m just as angry about what is happening to black people in America, and I never want to compare my experience, but isn’t it comparable? Isn’t women being abused by men as prevalent as people of color being abused by law enforcement? And I mean this on a very personal level, not just a global one. Why are these people posting constantly about the injustice of what happened to George Floyd, and staying silent about what happened to me? I’m so angry and I don’t have anywhere to put it. I posted two things to my IG story yesterday pretty much saying what I’ve said here, but regretted it and took them down. I need support in this and my poor friends are so fatigued, I feel horrible for them. They empathize but can’t relate to what it’s like to be beaten and strangled, kicked out of your home with your child in a pandemic, and to speak out about it and be ignored. I know I’m focusing on the people ignoring me rather than the supportive ones, but it’s like a knife in my heart. This liberal “woke” group of people will speak up for someone they don’t know, but when their voice will actually have an impact they’re silent. And he’ll get away with this and never be held accountable by anyone and I’m sitting here with this horrible pain. I don’t know what I need from this group but I’m glad to at least have a place to share this sadness and frustration."
16,Question 3,domestic_violence,clinical,n/a,"Title: Im so stuck. Text: Last night, we got into a huge argument, (again), and he threw our dinner down with force onto the bed. Luckily it was all wrapped up otherwise it would of gone everywhere (fish n chips). The night bfore, he hit something out in the shed and threw stuff around. It scares the absolute poop out of me, because i never know if im next (he hasnt been physical violent to me for over 10yrs). Then this morning, he gives me extra hugs and kisses, and whispers in my ear that he loves me (he has never done the whisper thing before), before saying he loves me out loud in the doorway (our usual thing for when he goes to work). I hate it. It makes me feel trapped. Last night, when we were arguing, im like finally, hes going to just go, and give us up, but then this morning hes back sooking up and making things hard again."
17,Question 10,child_abuse_endangerment/sexual_harassment,clinical,n/a,"Title: A synopsis of my story and what's next? Text: The incidents were over a year ago but I still can't shake this feeling that I have about it. It follows me. I can't let it go even though I desperately want to. I guess it's best to start from the very beginning. In my freshman year of high school (spring 2019), I met this guy at my school. He invited me over to his table at lunch to play cards with him and our mutual friends. This continued throughout the rest of the school year. That summer, we planned to go to church together. Since that didn't work out, we went to the movies instead. That date raised some red flags, but I didn't think he saw me in that way so I ignored them and moved on. We continued our friendship and card games until the pandemic hit the United States like a sledgehammer. We reconnected (besides the casual ""happy birthday"" and ""hope you're okay"" texts) in early August over Snapchat. He spilled his guts for me out of the blue one day, telling me how beautiful I was. How smart I was. How humble. How generous. How *sexy*. I never saw myself as sexy, so this hit me like a truck. In the best way possible. At the time, anyway. Shortly after, he told me that his thoughts of me gave him an ""incident,"" if you catch my drift. I was shocked. I tried to tell him how uncomfortable I was and I tried leaving the conversation. Every time I tried, he begged me to stay and made me feel at fault for what happened. I stayed up with him for over three hours trying to help ""make it go down."" This wasn't the only occasion. We continued as if it never happened. I, however, couldn't. Not for very long, anyhow. Soon after in September, I confronted him. I told him how involving me in his ""incidents"" made me very uncomfortable. He was taken aback by this, seemingly unaware that you shouldn't say those kinds of things to a girl if you don't want to scare her off. He dodged my bullets of truth, of justice, of begging for some sign of remorse. He showed nothing but defense, trying to leave the conversation by saying that we both need to find answers in the word of God. At that point, I lost my calm composure. I said some very nasty words and blocked him. I thought that was the end of it. Then the guilt set in. Could I have stopped him? I repeated that question in my head for days. I concluded that I could have at least said something, anything. So I caved in, and unblocked him, and apologized. He accepted my apology and asked to go on a date. I regretfully obliged. The morning of, I was freaking out. We were going to hike on a trail in the middle of nowhere. I was afraid of what he would try to do. To cover my bases, I kept my phone in my pocket, recording everything. We didn’t speak of the texts and tried to have a good time. He didn’t make any moves, and I was so thankful. I wondered if I was wrong about him, that if we weren't in isolation he wouldn't have said anything. I still think that last thought a lot. But I know that even if he might not have said a thing, he still said it. I was a child and he was the adult. Still, that guilt is forever there. Everything that happened between us still fucks with me to this day. As I lay in bed writing this post, I think about everything I said that may have led him on, everything that he said that sounded simply perfect. I never want to call this trauma, but what else can I call it? It's been over a year and it's stuck in my head. And I know that these kinds of things don't go away overnight. I know it takes time to heal and process these things. But I still feel the way I did a year ago. I do wonder often if what I say sounds dramatized and exaggerated, and maybe it is. Some of you maybe can relate to my story. Some of you may have had it much worse, and think that this should have a much smaller effect on me than it does. But it's real to me. I guess the only thing to ask you Redditers is this: how do I cope? I want to talk to someone about this and work through these thoughts. But there aren't many places I can turn to. **I can't ever tell my parents about what happened.** They'll ask me why I didn't stop him, why I didn't speak up when it happened, why I'm only saying something now. They'll have very little remorse for me. Even past that, they'll look at me like some broken toy. I can't drive, so going to a confessional at a church or a therapist is hard. I could tell someone at school, but I know that my parents will somehow find out. I could call someone but I get nervous about calls. I'm not sure what's left at this point."
18,Question 45,sexual_harassment,clinical,n/a,"Title: Was I Sexually Harassed? Text: I'm 16 now, but this happened around when I was 7 I believe? I cannot recall exactly when this happened so I am guessing I was around that age, and for reference I am also male. The other person I'll be talking about was 11 or 12 at the time, since I know that right now they're a sophomore at the university they go to. A family friend was coming to visit my home, and we are still family friends with them today, but at the time, their son also stopped by for the visit. Being 11 or 12, he obviously wasn't planning on hanging out with the adults so he came to my room. I don't remember exactly what happened as It's all a bit blurry for me, but I do remember at one point he closed and locked my door, then coerced me into taking my pants off. I know for sure that he did this, but at the same time he never *physically* forced me to take them off, I just recall being very uncomfortable and being pressured into doing so. Then I remember he kept telling me to turn around and spread my cheeks apart but I protested a bit. Once again, he never actually touched me, but I do remember giving in which I believe was because he was older than me and I felt intimidated throughout the entire experience. When I gave in, I think he was just gazing at me until my pants eventually came back on. Then, he pulled is own pants down and did the same allowing me to look at him, but I don't recall ever asking him to do so. After this all happened, he told me to never tell anyone about what happened, that it was our secret, and we would get in a lot of trouble if anyone found out. So Reddit, was I sexually harassed or was this just kids experimenting? Even though he was older, he still was a child. I remember being very uncomfortable and not wanting it to happen, but at the same time he never laid a hand on me."
19,Question 1,safe,safe,n/a,"Title: Ex spreading rumours, turned a close neighbour friend against me and the whole street. I have to live here for another 3 months Text: I recently was successful at getting back into my home after almost becoming homeless. I have a really good relationship with my neighbours and am very close to one in particular who is terminally ill. I would say we are friends and I have been a shoulder to cry on/a source of support to him when he has been socially isolated. I just found out that my ex has been spreading rumours about me to all the neighbours. One neighbour is having none of it and has been super lovely, but my friend has believed the ex and its breaking my heart I try so hard to get him out of my head everyday but his abuse has touched every single part of my life and I've had enough... When will this end? Does it get better?"
20,Question 6,safe,safe,n/a,Title: Help Text: Has anyone ever moved states from their abuser? Just dropped everything and left? Can anyone give me any advise?
